{"cameraMode":{"drawMode":0,"name":"Shaded","section":"Shading Mode"},"sceneLighting":true,"audioPlay":false,"sceneViewState":{"showFog":true,"showMaterialUpdate":false,"showSkybox":true,"showFlares":true,"showImageEffects":true,"showParticleSystems":true},"in2DMode":false,"pivot":{"x":-157.79098510742188,"y":-88.5567398071289,"z":39.97623825073242},"rotation":{"x":0.20009388029575349,"y":-0.6202437877655029,"z":0.1675986349582672,"w":0.7400463223457336},"size":104.6107177734375,"orthographic":false}